phone,police_report_count,verified_report_count,spam,fraud,business_tier,business_name,spoofing_report_count,source,record_type,is_demo,source_reference,last_verified
+447700900101,31,16,true,true,none,,6,reserved_demo_fixture,demo,true,Ofcom reserved mobile drama range; curated capstone fixture,2026-08-01
+447700900103,27,12,true,true,none,,4,reserved_demo_fixture,demo,true,Ofcom reserved mobile drama range; curated capstone fixture,2026-08-01
+447700900105,24,10,true,true,none,,3,reserved_demo_fixture,demo,true,Ofcom reserved mobile drama range; curated capstone fixture,2026-08-01
+447700900107,19,8,true,true,none,,3,reserved_demo_fixture,demo,true,Ofcom reserved mobile drama range; curated capstone fixture,2026-08-01
+447700900109,16,6,true,true,none,,2,reserved_demo_fixture,demo,true,Ofcom reserved mobile drama range; curated capstone fixture,2026-08-01
+447700900102,0,0,false,false,verified,Campus Office,0,reserved_demo_fixture,demo,true,Ofcom reserved mobile drama range; curated capstone fixture,2026-08-01
+447700900104,1,0,false,false,verified,Library Desk,0,reserved_demo_fixture,demo,true,Ofcom reserved mobile drama range; curated capstone fixture,2026-08-01
+447700900106,0,0,false,false,verified,Course Advisor,0,reserved_demo_fixture,demo,true,Ofcom reserved mobile drama range; curated capstone fixture,2026-08-01
+447700900108,1,0,false,false,basic,Delivery Reminder,0,reserved_demo_fixture,demo,true,Ofcom reserved mobile drama range; curated capstone fixture,2026-08-01
+447700900110,0,0,false,false,verified,Student Services,0,reserved_demo_fixture,demo,true,Ofcom reserved mobile drama range; curated capstone fixture,2026-08-01
